{
    "northpole": [0, 90],
    "london": [-0.1278, 51.5074],
    "jakarta": [106.8650, -6.1751],
    "perth": [115.8605, -31.9505],
    "santiago": [-70.6693, -33.4489],
    "losangeles": [-118.2437, 34.0522],
    "tokyo": [139.6917, 35.6895],
    "jayapura": [140.6690, -2.5916],
    "johannesburg": [28.0473, -26.2041],
    "buenosaires": [-58.3816, -34.6037],
    "newdelhi": [77.2090, 28.6139],
    "honolulu": [-157.8583, 21.3069],
    "auckland": [174.7633, -36.8485],
    "bogota": [-74.0721, 4.7110],
    "recife": [-34.8770, -8.0476],
    "mcmurdo": [166.668235, -77.846323],
    "adelaide": [138.6007, -34.9285],
    "capetown": [18.4241, -33.9249],
    "newyork": [-74.0060, 40.7128],
    "anchorage": [-149.9003, 61.2181],
    "sydney": [151.2093, -33.8688],
    "saopaulo": [-46.633333, -23.55],
    "lisbon": [-9.139444, 38.713889],
    "greenwich": [0, 51.48],
    "vancouver": [-123.1, 49.25],
    "majuro": [171.383333, 7.083333],
    "puntaarenas": [-70.933333, -53.166667],
    "sal": [-22.933333, 16.716667],
    "bangkok": [100.494167, 13.7525],
    "reunion": [55.5325, -21.114444],
    "papeete": [ -149.5696, -17.535],
    "adamstown": [-130.1, -25.066667],
    "cairo": [31.235833, 30.044444],
    "beijing": [116.383333, 39.916667],
    "reykjavik": [-21.933333, 64.133333],
    "libreville": [9.4544, 0.3901],
    "dubai": [55.297222, 25.263056],
    "kerguelen": [69.166667, -49.25],
    "nairobi": [36.816667, -1.283333],
    "paramaribo": [-55.203889, 5.852222],
    "sgssi": [-36.75, -54.25],
    "fiji": [179, -18],
    "nuuk": [-51.738889, 64.175],
    "svalbard": [16, 78],
    "hanga-roa": [-109.416667, -27.133333],
    "moscow": [37.616667, 55.75],
    "krasnoyarsk": [92.866667, 56.016667],
    "kunlun": [77.116449, -80.41734],
    "vostok": [106.83757, -78.463889],
    "troll": [2.535, -72.011389],
    "belgrano2": [-34.627588, -77.873696],
    "san-martin": [-67.101311, -68.130043]

}