{
    "northpole": [0, 90],
    "southpole": [0, -90],
    "london": [-0.1278, 51.5074],
    "jakarta": [106.8650, -6.1751],
    "mecca": [39.8579, 21.3891],
    "perth": [115.8605, -31.9505],
    "santiago": [-70.6693, -33.4489],
    "losangeles": [-118.2437, 34.0522],
    "sanfrancisco": [-122.416667, 37.783333],
    "tokyo": [139.6917, 35.6895],
    "jayapura": [140.6690, -2.5916],
    "johannesburg": [28.0473, -26.2041],
    "buenosaires": [-58.3816, -34.6037],
    "newdelhi": [77.2090, 28.6139],
    "honolulu": [-157.8583, 21.3069],
    "auckland": [174.7633, -36.8485],
    "bogota": [-74.0721, 4.7110],
    "lagos": [3.3792, 6.5244],
    "recife": [-34.8770, -8.0476],
    "mcmurdo": [166.668235, -77.846323],
    "adelaide": [138.6007, -34.9285],
    "capetown": [18.4241, -33.9249],
    "casablanca": [-7.5898, 33.5731],
    "newyork": [-74.0060, 40.7128],
    "anchorage": [-149.9003, 61.2181],
    "sydney": [151.2093, -33.8688],
    "saopaulo": [-46.633333, -23.55],
    "melbourne": [144.963056, -37.813611],
    "lisbon": [-9.139444, 38.713889],
    "christchurch": [172.620278, -43.53],
    "greenwich": [0, 51.48],
    "vancouver": [-123.1, 49.25],
    "yukonriver": [-164.8, 62.598611],
    "farnborough": [-0.7775, 51.275278],
    "whitehorse": [-135.05, 60.716667],
    "majuro": [171.383333, 7.083333],
    "puntaarenas": [-70.933333, -53.166667],
    "sal": [-22.933333, 16.716667],
    "bangkok": [100.494167, 13.7525],
    "wellington": [174.777222, -41.288889],
    "bloemfontein": [26.216667, -29.116667],
    "dunedin": [170.5, -45.866667],
    "reunion": [55.5325, -21.114444],
    "papeete": [ -149.5696, -17.535],
    "adamstown": [-130.1, -25.066667],
    "cairo": [31.235833, 30.044444],
    "beijing": [116.383333, 39.916667],
    "reykjavik": [-21.933333, 64.133333],
    "libreville": [9.4544, 0.3901],
    "pontianak": [109.333333, 0],
    "dubai": [55.297222, 25.263056],
    "kerguelen": [69.166667, -49.25],
    "nairobi": [36.816667, -1.283333],
    "paramaribo": [-55.203889, 5.852222],
    "sgssi": [-36.75, -54.25],
    "athens": [23.727806, 37.983972],
    "moscow": [37.616667, 55.75],
    "abu-dhabi": [54.366667, 24.466667],
    "dallas": [-96.8, 32.783333],
    "noumea": [166.458, -22.2758],
    "singapore": [103.8, 1.3],
    "darwin": [130.8914, -12.4152],
    "hong-kong": [114.2, 22.3],
    "diego-garcia": [72.411111, -7.313333],
    "kadena": [127.755278, 26.361667],
    "banda-aceh": [95.316667, 5.55],
    "denpasar": [115.216667, -8.65],
    "alice-springs": [133.87, -23.7],
    "kuala-lumpur": [101.683333, 3.133333],
    "brisbane": [153.033333, -27.466667],
    "manila": [121, 14.58],
    "chennai": [80.266667, 13.083333],
    "doha": [51.533333, 25.286667],
    "fortaleza": [-38.542778, -3.718333],
    "montevideo": [-56.181944, -34.883611],
    "madrid": [-3.716667, 40.383333],
    "riogallegos": [-69.216667, -51.633333],
    "riodejaneiro": [-43.196389, -22.908333],
    "shanghai": [121.474722, 31.228611],
    "munich": [11.566667, 48.133333]

}